id,GenTauID,RecoTauID
00,2,2
01,2,11
10,2,2
11,-11,-11
20,-13,-13
21,-13,-13
30,10,11
31,-11,-11
40,10,10
41,3,2
50,2,11
51,1,1
60,1,1
61,-13,-13
70,0,0
71,10,10
80,0,0
81,1,1
90,-11,1
91,0,0
100,-13,-13
101,-11,1
110,10,-333
111,-13,-333
120,3,2
121,10,10
130,1,1
131,-11,-11
140,1,2
141,1,1
150,3,1
151,0,0
160,-11,-11
161,10,11
170,1,1
171,0,0
180,0,0
181,0,0
190,1,1
191,11,10
200,10,10
201,-13,-13
210,10,10
211,2,2
220,-13,-13
221,0,0
230,1,1
231,1,1
240,-11,-11
241,2,1
250,-11,-11
251,1,1
260,0,0
261,-1,10
270,10,11
271,11,11
280,-13,-333
281,1,-11
290,-11,-11
291,-11,-11
300,10,10
301,10,10
310,1,11
311,10,10
320,-11,-11
321,1,1
330,11,11
331,1,11
340,10,10
341,1,1
350,10,10
351,10,11
360,1,1
361,-11,-11
370,10,10
371,0,0
380,11,11
381,1,2
390,0,-11
391,0,0
400,11,11
401,1,1
410,1,1
411,-13,-13
420,11,11
421,0,1
430,0,1
431,1,1
440,1,1
441,11,11
450,-13,-13
451,10,10
460,1,1
461,-13,-11
470,-13,-13
471,-11,-11
480,10,10
481,-13,-13
490,1,1
491,-13,-13
500,2,1
501,11,11
510,0,0
511,11,11
520,1,1
521,11,11
530,-13,1
531,1,1
540,-11,-11
541,-13,-13
550,0,10
551,1,2
560,-11,-11
561,1,2
570,2,11
571,-13,-13
580,1,1
581,1,1
590,1,1
591,2,11
600,0,0
601,0,11
610,1,1
611,-11,-11
620,-13,-13
621,1,2
630,0,2
631,2,1
640,-13,-13
641,-11,-11
650,-11,-11
651,-11,-11
660,10,10
661,1,2
670,10,10
671,10,10
680,0,-222
681,1,1
690,1,1
691,0,0
700,-11,-11
701,1,1
710,-13,-13
711,1,1
720,1,1
721,10,11
730,10,10
731,-13,-13
740,1,1
741,-13,-13
750,11,11
751,1,1
760,-13,-13
761,-11,-11
770,-13,-13
771,-13,-13
780,-13,-13
781,1,1
790,-11,-11
791,0,0
800,-11,-11
801,10,11
810,1,1
811,1,1
820,-13,-13
821,-13,-13
830,1,1
831,0,1
840,10,11
841,1,1
850,-11,-11
851,0,0
860,-13,-13
861,3,2
870,-11,-11
871,2,1
880,-11,-11
881,10,10
890,1,1
891,-13,-13
900,-13,-13
901,1,1
910,-13,-13
911,10,10
920,10,10
921,1,1
930,-13,-13
931,-13,-13
940,-13,-13
941,1,2
950,1,1
951,2,1
960,-13,-13
961,-13,-13
970,10,10
971,1,1
980,-11,-333
981,0,0
990,-11,-11
991,-11,-11
1000,-11,1
1001,11,11
1010,1,1
1011,-11,-11
1020,2,1
1021,0,0
1030,0,0
1031,10,11
1040,1,1
1041,-13,-13
1050,-11,-11
1051,2,1
1060,-11,-11
1061,-11,-11
1070,0,0
1071,0,-13
1080,-13,-13
1081,10,10
1090,2,1
1091,2,2
1100,1,1
1101,2,2
1110,-11,-11
1111,0,1
1120,1,1
1121,1,1
1130,-13,-13
1131,1,1
1140,-13,-13
1141,1,1
1150,0,0
1151,1,1
1160,1,1
1161,-11,0
1170,11,11
1171,-13,-13
1180,-11,-11
1181,-13,-13
1190,-13,-13
1191,1,1
1200,1,11
1201,-13,-13
1210,-13,-13
1211,11,11
1220,1,1
1221,-11,-11
1230,-13,-13
1231,10,10
1240,0,1
1241,-11,10
1250,2,2
1251,1,1
1260,-13,-13
1261,2,2
1270,3,2
1271,-1,10
1280,1,1
1281,2,1
1290,0,0
1291,-11,-11
1300,-11,-11
1301,-11,-11
1310,-13,1
1311,11,11
1320,-11,-11
1321,-13,-13
1330,10,10
1331,1,1
1340,10,10
1341,0,10
1350,-13,-13
1351,10,11
1360,1,1
1361,2,1
1370,10,10
1371,1,1
1380,1,1
1381,1,1
1390,-13,-11
1391,-13,-13
1400,1,1
1401,-11,-11
1410,-13,-13
1411,10,10
1420,-13,-13
1421,-13,-13
1430,-11,-11
1431,-11,-13
1440,10,10
1441,11,11
1450,10,10
1451,0,0
1460,-13,-13
1461,-11,-11
1470,-11,-11
1471,0,0
1480,-11,-11
1481,10,10
1490,-13,-13
1491,1,1
1500,11,2
1501,-11,-11
1510,-11,-11
1511,10,11
1520,-13,-13
1521,1,11
1530,2,2
1531,-11,-11
1540,-11,-333
1541,11,11
1550,-13,-13
1551,10,10
1560,-11,-11
1561,1,1
1570,11,11
1571,10,10
1580,11,11
1581,1,-333
1590,-11,-11
1591,1,1
1600,1,1
1601,0,1
1610,0,0
1611,-13,-13
1620,10,10
1621,1,1
1630,2,1
1631,1,1
1640,1,1
1641,10,10
1650,11,10
1651,-11,-11
1660,-11,-11
1661,-11,-13
1670,2,2
1671,1,1
1680,1,11
1681,10,10
1690,-11,-11
1691,2,1
1700,-11,-333
1701,10,2
1710,-11,-11
1711,-11,-11
1720,1,1
1721,0,0
1730,0,0
1731,-11,-11
1740,-13,-13
1741,1,1
1750,0,0
1751,-13,-13
1760,-13,-13
1761,-13,-13
1770,-13,-13
1771,10,10
1780,-13,-13
1781,-13,-13
1790,0,0
1791,1,1
1800,0,10
1801,1,10
1810,-11,1
1811,-11,-11
1820,1,0
1821,-13,-13
1830,-13,-13
1831,-13,-13
1840,0,0
1841,0,0
1850,-11,-11
1851,1,1
1860,10,10
1861,1,1
1870,-11,-11
1871,1,1
1880,1,1
1881,10,10
1890,-13,-13
1891,1,1
1900,1,1
1901,1,1
1910,-13,-13
1911,-13,-13
1920,0,0
1921,10,10
1930,-13,-13
1931,1,1
1940,1,1
1941,10,10
1950,1,1
1951,10,11
1960,-11,-11
1961,-11,-11
1970,-13,-13
1971,-11,-11
1980,-11,-11
1981,0,0
1990,0,0
1991,1,1
2000,0,0
2001,-11,-11
2010,1,1
2011,-13,-333
2020,10,10
2021,10,10
2030,1,1
2031,10,11
2040,1,1
2041,-11,-11
2050,10,10
2051,0,0
2060,10,10
2061,1,1
2070,10,11
2071,-13,-11
2080,1,1
2081,-13,-13
2090,-11,-11
2091,2,1
2100,0,0
2101,-11,-11
2110,10,11
2111,1,1
2120,-13,-13
2121,-13,-13
2130,1,1
2131,1,1
2140,10,10
2141,2,1
2150,0,0
2151,-13,-13
2160,1,1
2161,10,10
2170,1,1
2171,-11,-11
2180,-13,-13
2181,10,11
2190,-13,-13
2191,10,10
2200,1,1
2201,2,1
2210,10,10
2211,2,2
2220,-11,-11
2221,1,1
2230,1,11
2231,-13,-13
2240,1,1
2241,-13,-13
2250,0,0
2251,-13,-13
2260,-11,-11
2261,10,10
2270,-13,-13
2271,-11,-11
2280,-13,-333
2281,0,0
2290,0,1
2291,1,1
2300,1,1
2301,0,0
2310,0,0
2311,1,1
2320,-13,-13
2321,-13,-13
2330,-11,-11
2331,-13,-333
2340,2,11
2341,-13,-13
2350,1,1
2351,-13,-13
2360,1,1
2361,10,10
2370,10,10
2371,-13,-13
2380,0,2
2381,0,0
2390,1,1
2391,-13,-13
2400,10,11
2401,1,1
2410,1,-11
2411,-13,-13
2420,-13,-13
2421,1,1
2430,1,1
2431,2,2
2440,-11,-11
2441,2,1
2450,1,1
2451,10,10
2460,-13,-13
2461,1,1
2470,1,1
2471,1,1
2480,0,0
2481,1,1
2490,0,0
2491,10,10
2500,-13,-13
2501,-11,-11
2510,10,10
2511,0,0
2520,-11,-11
2521,-13,-13
2530,1,1
2531,11,11
2540,1,1
2541,0,0
2550,1,1
2551,-11,-11
2560,1,1
2561,11,1
2570,-11,-11
2571,0,0
2580,-13,-13
2581,-11,1
2590,0,0
2591,-11,-11
2600,1,1
2601,1,1
2610,-13,-13
2611,1,1
2620,11,10
2621,1,1
2630,-13,-13
2631,2,2
2640,-11,-11
2641,1,0
2650,1,1
2651,1,1
2660,-11,-11
2661,1,1
2670,-13,-13
2671,10,10
2680,-11,-11
2681,3,2
2690,-11,-11
2691,0,0
2700,10,10
2701,1,1
2710,2,1
2711,1,1
2720,1,1
2721,10,11
2730,-13,-13
2731,-11,1
2740,-13,-13
2741,3,2
2750,1,1
2751,-11,-11
2760,-11,-11
2761,0,0
2770,3,2
2771,-11,-11
2780,1,1
2781,0,0
2790,0,10
2791,0,10
2800,2,1
2801,-11,-11
2810,1,1
2811,11,11
2820,-11,-11
2821,11,11
2830,2,11
2831,1,1
2840,-11,-13
2841,-13,-13
2850,3,1
2851,1,1
2860,11,11
2861,1,1
2870,11,11
2871,11,10
2880,-13,-13
2881,10,10
2890,-13,-13
2891,2,2
2900,0,0
2901,1,0
2910,11,10
2911,0,-333
2920,0,0
2921,-11,-11
2930,1,1
2931,-11,-11
2940,10,10
2941,-13,-13
2950,2,2
2951,1,1
2960,1,1
2961,-13,-13
2970,2,1
2971,0,0
2980,11,11
2981,-13,-333
2990,-13,-13
2991,-13,-13
3000,12,10
3001,1,1
3010,-11,-11
3011,1,1
3020,1,1
3021,-11,1
3030,1,1
3031,1,1
3040,1,1
3041,1,0
3050,-13,-13
3051,1,1
3060,-13,-13
3061,-11,-11
3070,3,2
3071,1,1
3080,1,1
3081,1,1
3090,1,-333
3091,1,1
3100,-13,-13
3101,1,1
3110,1,1
3111,1,1
3120,-11,-11
3121,2,1
3130,-13,-13
3131,11,11
3140,0,0
3141,11,11
3150,2,2
3151,-11,-11
3160,-13,-13
3161,10,10
3170,0,10
3171,2,1
3180,-13,-13
3181,-11,-11
3190,10,10
3191,3,2
3200,0,0
3201,-13,-13
3210,1,1
3211,0,0
3220,-11,-11
3221,1,1
3230,0,0
3231,1,1
3240,2,2
3241,-13,-13
3250,1,1
3251,0,0
3260,0,-11
3261,-13,-13
3270,0,0
3271,-13,-13
3280,0,0
3281,-13,-13
3290,-11,-11
3291,10,10
3300,1,1
3301,-13,-13
3310,1,0
3311,2,2
3320,-11,-11
3321,0,1
3330,1,0
3331,-13,-13
3340,-13,-13
3341,1,1
3350,-13,-13
3351,-13,-13
3360,-13,-13
3361,-11,-11
3370,-13,-13
3371,-11,-11
3380,-13,-13
3381,10,10
3390,10,10
3391,0,0
3400,1,1
3401,10,10
3410,0,0
3411,1,1
3420,10,1
3421,0,0
3430,3,11
3431,1,-222
3440,-11,-11
3441,3,11
3450,1,1
3451,1,1
3460,10,11
3461,1,1
3470,-11,-11
3471,1,1
3480,-11,-11
3481,1,1
3490,1,1
3491,-11,-11
3500,-11,-11
3501,0,0
3510,1,1
3511,1,1
3520,-13,-13
3521,1,1
3530,11,10
3531,-11,-11
3540,1,1
3541,1,11
3550,1,1
3551,1,1
3560,0,0
3561,1,1
3570,-13,-13
3571,-13,-13
3580,-11,-11
3581,12,11
3590,-11,-11
3591,2,2
3600,1,2
3601,1,1
3610,-13,-13
3611,1,1
3620,2,2
3621,2,1
3630,11,10
3631,0,-333
3640,11,11
3641,1,1
3650,1,1
3651,1,1
3660,11,11
3661,11,11
3670,-11,-11
3671,-11,-11
3680,-11,-11
3681,0,0
3690,-13,-13
3691,1,1
3700,-11,1
3701,1,1
3710,-11,-11
3711,0,0
3720,2,1
3721,11,10
3730,-11,-11
3731,-13,-13
3740,-11,-11
3741,1,1
3750,-11,-11
3751,-11,-11
3760,1,1
3761,0,0
3770,2,1
3771,1,1
3780,1,1
3781,-11,-11
3790,1,1
3791,-11,-11
3800,-11,-11
3801,1,1
3810,-11,-11
3811,1,1
3820,1,10
3821,-13,-13
3830,-13,-13
3831,0,0
3840,-13,-13
3841,2,2
3850,2,1
3851,-13,-13
3860,2,2
3861,11,10
3870,1,1
3871,0,-333
3880,0,0
3881,-13,-13
3890,-11,-11
3891,2,1
3900,-11,-11
3901,1,1
3910,-11,1
3911,-13,-13
3920,11,11
3921,-11,-11
3930,1,2
3931,-13,-13
3940,1,1
3941,0,0
3950,-11,-11
3951,1,1
3960,-13,-13
3961,11,10
3970,10,10
3971,-13,-333
3980,2,2
3981,1,1
3990,10,10
3991,0,0
4000,2,1
4001,1,1
4010,0,0
4011,0,0
4020,-13,-13
4021,1,1
4030,0,0
4031,-13,-13
4040,-13,-13
4041,1,1
4050,0,0
4051,-11,-11
4060,1,1
4061,10,10
4070,0,1
4071,10,10
4080,-11,-11
4081,0,0
4090,-13,-13
4091,-13,-13
4100,3,2
4101,-13,-13
4110,11,11
4111,1,1
4120,1,2
4121,1,11
4130,1,1
4131,2,1
4140,1,1
4141,-11,-11
4150,-13,-13
4151,1,1
4160,1,1
4161,1,1
4170,-11,-11
4171,10,10
4180,2,1
4181,1,2
4190,0,-13
4191,1,1
4200,-13,-13
4201,0,-333
4210,1,-222
4211,10,10
4220,0,0
4221,-13,-13
4230,0,0
4231,2,2
4240,0,1
4241,-13,-13
4250,0,0
4251,2,2
4260,-13,-13
4261,1,1
4270,-13,-13
4271,0,0
4280,1,1
4281,0,0
4290,0,0
4291,-11,1
4300,0,2
4301,10,10
4310,0,-11
4311,1,-333
4320,-11,-11
4321,1,1
4330,-13,-13
4331,10,10
4340,-11,-333
4341,10,10
4350,2,2
4351,1,11
4360,1,0
4361,1,-11
4370,2,1
4371,0,0
4380,1,1
4381,0,-333
4390,2,2
4391,1,11
4400,10,10
4401,1,1
4410,0,0
4411,-13,-13
4420,0,0
4421,2,2
4430,1,1
4431,10,11
4440,-13,-13
4441,2,2
4450,-13,-13
4451,1,1
4460,0,0
4461,-13,-13
4470,2,1
4471,-13,-13
4480,0,0
4481,0,0
4490,1,1
4491,1,1
4500,-13,-13
4501,-11,1
4510,11,10
4511,10,10
4520,1,1
4521,2,2
4530,-13,-13
4531,0,0
4540,10,10
4541,-13,-13
4550,2,1
4551,1,1
4560,1,-333
4561,2,1
4570,11,11
4571,3,2
4580,0,1
4581,-13,-13
4590,-11,0
4591,1,11
4600,1,1
4601,10,10
4610,-11,-11
4611,2,1
4620,-13,-13
4621,1,10
4630,0,0
4631,2,2
4640,-11,-11
4641,1,2
4650,11,11
4651,-11,-11
4660,1,1
4661,-11,-11
4670,2,2
4671,-11,-11
4680,2,11
4681,0,0
4690,0,0
4691,2,11
4700,10,10
4701,-13,-13
4710,2,2
4711,10,10
4720,2,1
4721,-13,-13
4730,0,2
4731,0,10
4740,1,1
4741,-11,-11
4750,10,10
4751,10,10
4760,-11,1
4761,10,10
4770,0,-11
4771,1,1
4780,4,11
4781,10,10
4790,-11,-11
4791,-11,-11
4800,10,10
4801,-11,-11
4810,1,1
4811,2,11
4820,-11,1
4821,1,2
4830,-13,-13
4831,-11,-11
4840,10,10
4841,2,2
4850,-11,-11
4851,11,11
4860,12,11
4861,1,1
4870,-11,-11
4871,1,2
4880,-11,-11
4881,1,1
4890,1,10
4891,0,0
4900,1,1
4901,1,1
4910,1,1
4911,-11,-11
4920,11,1
4921,-13,-13
4930,3,11
4931,1,1
4940,-11,-11
4941,10,10
4950,1,1
4951,-11,-11
4960,-13,-13
4961,1,2
4970,-13,-13
4971,-11,-11
4980,10,10
4981,1,1
4990,-13,-13
4991,1,11
5000,-11,-11
5001,1,2
5010,-11,-11
5011,0,0
5020,10,10
5021,2,1
5030,-13,-13
5031,1,11
5040,-11,-11
5041,1,1
5050,-11,-11
5051,-11,-11
5060,10,10
5061,10,10
5070,11,11
5071,11,11
5080,1,1
5081,2,2
5090,-11,1
5091,-13,-13
5100,1,1
5101,-13,-13
5110,2,1
5111,10,11
5120,0,1
5121,-13,-11
5130,1,1
5131,10,10
5140,-13,-13
5141,-11,-11
5150,1,-222
5151,1,1
5160,1,1
5161,-11,-11
5170,1,-333
5171,3,1
5180,-13,-13
5181,1,1
5190,10,10
5191,1,-11
5200,1,1
5201,0,1
5210,1,1
5211,1,1
5220,1,1
5221,1,1
5230,2,11
5231,-11,-11
5240,-11,-333
5241,1,11
5250,0,0
5251,-11,-11
5260,2,1
5261,10,10
5270,-11,-11
5271,2,1
5280,-11,-11
5281,2,2
5290,1,1
5291,-13,-13
5300,0,0
5301,1,1
5310,1,1
5311,-11,-11
5320,-13,-13
5321,-11,-11
5330,-13,-13
5331,1,1
5340,11,10
5341,2,2
5350,-13,-13
5351,-13,-13
5360,0,0
5361,-11,-11
5370,-11,-11
5371,-11,-11
5380,0,0
5381,10,10
5390,-11,1
5391,-11,-11
5400,-13,-13
5401,1,1
5410,-11,-11
5411,1,1
5420,0,1
5421,0,-11
5430,-11,-11
5431,-11,-11
5440,1,1
5441,0,0
5450,2,2
5451,10,10
5460,12,11
5461,-13,-13
5470,2,1
5471,1,1
5480,-13,-13
5481,2,11
5490,2,1
5491,-13,-13
5500,1,1
5501,0,0
5510,10,10
5511,10,10
5520,-11,-11
5521,-11,-11
5530,-11,-11
5531,1,1
5540,-11,-11
5541,0,0
5550,1,1
5551,1,0
5560,10,10
5561,2,1
5570,-11,-11
5571,1,1
5580,10,10
5581,10,10
5590,11,11
5591,-11,-333
5600,1,2
5601,1,1
5610,-11,-11
5611,0,0
5620,-13,-13
5621,10,10
5630,-13,-13
5631,1,1
5640,10,11
5641,1,1
5650,-13,-13
5651,-11,-11
5660,1,1
5661,10,10
5670,-13,-11
5671,1,1
5680,-11,-11
5681,2,1
5690,2,1
5691,-11,-11
5700,1,1
5701,1,1
5710,-13,-13
5711,2,1
5720,1,1
5721,10,10
5730,-11,-11
5731,-13,-13
5740,1,1
5741,0,10
5750,10,10
5751,1,1
5760,-11,-11
5761,2,1
5770,1,11
5771,-11,-11
5780,1,1
5781,11,11
5790,1,1
5791,1,1
5800,2,1
5801,1,1
5810,11,11
5811,1,1
5820,-11,-11
5821,3,2
5830,-11,-11
5831,-11,-11
5840,11,10
5841,-13,-13
5850,0,1
5851,0,1
5860,1,10
5861,-13,-13
5870,-11,-11
5871,2,2
5880,0,2
5881,-11,-11
5890,-11,-11
5891,1,1
5900,-11,-11
5901,10,10
5910,1,1
5911,-13,-13
5920,-13,-13
5921,-11,-13
5930,11,11
5931,-13,-13
5940,2,1
5941,0,0
5950,-13,-13
5951,-11,-11
5960,1,1
5961,1,1
5970,0,1
5971,1,11
5980,-11,-11
5981,-11,1
5990,-11,-11
5991,-13,-13
6000,1,1
6001,1,2
6010,1,1
6011,0,0
6020,11,10
6021,-11,-11
6030,-13,-13
6031,-11,-11
6040,2,11
6041,2,1
6050,1,1
6051,-11,-11
6060,-11,-11
6061,-13,-13
6070,10,10
6071,-13,-13
6080,10,10
6081,10,10
6090,-13,-13
6091,11,10
6100,-11,-11
6101,0,10
6110,-13,-13
6111,0,0
6120,1,1
6121,1,1
6130,-13,-13
6131,4,2
6140,1,1
6141,-13,-13
6150,10,10
6151,-13,-13
6160,2,2
6161,1,1
6170,2,1
6171,2,11
6180,1,1
6181,1,1
6190,-13,-13
6191,-13,-13
6200,1,1
6201,1,1
6210,-13,1
6211,-13,-13
6220,-11,-11
6221,-11,-11
6230,10,11
6231,-13,-13
6240,11,10
6241,10,11
6250,1,1
6251,-11,-11
6260,-13,-13
6261,-13,-333
6270,-11,-11
6271,1,1
6280,1,1
6281,-11,-11
6290,1,1
6291,0,0
6300,1,1
6301,1,1
6310,-13,-13
6311,-13,-13
6320,1,1
6321,0,0
6330,0,0
6331,1,1
6340,0,0
6341,-11,-11
6350,1,1
6351,2,2
6360,0,0
6361,1,1
6370,-13,-13
6371,-13,-13
6380,0,0
6381,-13,-13
6390,-11,-11
6391,1,1
6400,3,2
6401,-11,-11
6410,2,1
6411,11,11
6420,0,1
6421,0,0
6430,-11,-11
6431,11,10
6440,-13,-13
6441,0,0
6450,1,11
6451,1,1
6460,1,2
6461,-13,-13
6470,-13,-333
6471,-13,-13
6480,1,1
6481,-11,-11
6490,12,11
6491,-13,-13
6500,2,2
6501,1,1
6510,-13,-13
6511,-11,-11
6520,-13,-13
6521,11,11
6530,0,0
6531,-11,-11
6540,-13,-13
6541,-11,-11
6550,-13,-13
6551,1,1
6560,10,10
6561,1,1
6570,-11,1
6571,10,1
6580,-11,-11
6581,-11,-11
6590,-13,-13
6591,-13,-13
6600,-11,-11
6601,-13,-13
6610,10,10
6611,1,1
6620,-13,-13
6621,0,1
6630,-11,-11
6631,-13,-13
6640,-11,-13
6641,-13,-13
6650,-13,-13
6651,10,10
6660,2,2
6661,1,1
6670,0,0
6671,0,0
6680,1,1
6681,1,1
6690,1,1
6691,0,0
6700,10,10
6701,1,1
6710,1,1
6711,0,0
6720,-11,-11
6721,-11,-11
6730,1,0
6731,11,11
6740,-13,-13
6741,1,10
6750,1,11
6751,1,1
6760,-13,-222
6761,-11,-11
6770,-11,-11
6771,-13,-13
6780,1,2
6781,0,0
6790,-11,-11
6791,1,1
6800,1,1
6801,1,1
6810,-13,-13
6811,-13,-13
6820,-11,-11
6821,0,0
6830,-13,1
6831,-13,-13
6840,0,0
6841,10,10
6850,1,1
6851,2,11
6860,0,0
6861,10,10
6870,-11,-11
6871,10,10
6880,1,1
6881,0,0
6890,11,10
6891,0,-333
6900,-11,-11
6901,1,1
6910,1,1
6911,11,10
6920,2,1
6921,10,11
6930,-13,-13
6931,-11,-11
6940,1,2
6941,2,1
6950,-11,-11
6951,1,1
6960,11,11
6961,10,10
6970,1,1
6971,-11,-11
6980,-13,-13
6981,1,1
6990,-13,-13
6991,-13,-13
7000,1,1
7001,1,1
7010,11,11
7011,2,2
7020,-11,-11
7021,12,10
7030,10,10
7031,11,11
7040,-13,-333
7041,-13,-13
7050,1,1
7051,1,1
7060,-11,-11
7061,0,1
7070,-11,-11
7071,-11,-11
7080,2,1
7081,-11,-11
7090,11,10
7091,0,-11
7100,0,0
7101,1,0
7110,3,11
7111,1,2
7120,-13,-13
7121,0,0
7130,-13,-13
7131,1,1
7140,-13,-13
7141,2,2
7150,-11,-11
7151,2,2
7160,10,10
7161,11,10
7170,-13,-13
7171,10,10
7180,-11,-11
7181,2,2
7190,1,-11
7191,-13,0
7200,1,1
7201,0,-11
7210,1,1
7211,1,1
7220,0,0
7221,1,1
7230,-11,-11
7231,0,0
7240,10,10
7241,-11,-11
7250,-11,-11
7251,-11,-11
7260,0,0
7261,1,1
7270,0,10
7271,-11,-11
7280,0,-13
7281,1,1
7290,2,1
7291,1,1
7300,11,11
7301,1,1
7310,1,1
7311,10,10
7320,2,2
7321,11,11
7330,0,1
7331,1,1
7340,1,1
7341,-11,-11
7350,0,0
7351,4,2
7360,1,1
7361,-11,-11
7370,0,0
7371,-11,-333
7380,3,2
7381,12,11
7390,-11,-11
7391,-11,-11
7400,10,11
7401,10,10
7410,1,1
7411,-11,-13
7420,-13,-13
7421,2,1
7430,0,0
7431,-13,-13
7440,1,1
7441,1,1
7450,1,1
7451,2,1
7460,-13,-11
7461,-11,-13
7470,1,2
7471,-11,-11
7480,10,10
7481,-13,-13
7490,2,2
7491,-13,-13
7500,10,10
7501,11,10
7510,-11,-11
7511,10,10
7520,2,1
7521,1,1
7530,10,10
7531,1,1
7540,10,10
7541,-13,-13
7550,11,11
7551,-13,-13
7560,2,2
7561,-11,-11
7570,-13,-13
7571,-13,-13
7580,-11,-11
7581,1,1
7590,1,1
7591,-11,-11
7600,2,1
7601,-13,-13
7610,-11,-333
7611,-11,-11
7620,-11,-11
7621,-13,-13
7630,10,10
7631,-13,-13
7640,0,0
7641,-11,-11
7650,-11,-11
7651,-13,-13
7660,-11,-11
7661,1,1
7670,-13,-13
7671,-11,-11
7680,-11,-11
7681,-13,-13
7690,-13,-13
7691,-11,-11
7700,2,2
7701,10,10
7710,-11,-11
7711,11,11
7720,3,11
7721,1,1
7730,-11,-333
7731,1,-333
7740,-11,-11
7741,1,1
7750,11,11
7751,1,-222
7760,-11,-11
7761,2,1
7770,10,10
7771,2,2
7780,1,1
7781,1,1
7790,1,1
7791,1,1
7800,1,1
7801,0,0
7810,1,1
7811,1,1
7820,10,10
7821,-13,-13
7830,-13,-13
7831,0,0
7840,11,10
7841,11,11
7850,-13,-13
7851,1,1
7860,-13,-13
7861,1,1
7870,0,0
7871,10,11
7880,2,2
7881,11,11
7890,3,2
7891,3,2
7900,2,2
7901,-11,-11
7910,1,1
7911,-13,-13
7920,1,1
7921,1,1
7930,-11,-11
7931,-13,-13
7940,2,1
7941,1,1
7950,-11,-11
7951,10,10
7960,10,10
7961,0,0
7970,0,0
7971,-11,-11
7980,-13,-333
7981,-13,-13
7990,-11,-11
7991,2,2
8000,0,1
8001,11,10
8010,2,11
8011,-11,-11
8020,11,11
8021,0,0
8030,1,0
8031,0,10
8040,10,10
8041,10,10
8050,-11,-11
8051,2,10
8060,-13,-13
8061,0,0
8070,0,0
8071,1,1
8080,1,11
8081,-11,-11
8090,-13,-13
8091,2,11
8100,2,2
8101,-13,-13
8110,-13,-13
8111,10,10
8120,-11,1
8121,10,-11
8130,10,10
8131,11,10
8140,0,1
8141,1,1
8150,10,10
8151,10,10
8160,1,1
8161,0,0
8170,11,11
8171,-13,-13
8180,-13,-13
8181,-13,-13
8190,11,11
8191,3,2
8200,3,11
8201,-13,-13
8210,1,1
8211,0,0
8220,-13,-13
8221,10,10
8230,1,10
8231,-13,-13
8240,-13,-13
8241,0,0
8250,10,10
8251,2,1
8260,10,10
8261,1,1
8270,-13,-11
8271,10,10
8280,2,1
8281,-11,1
8290,-11,-11
8291,-11,-11
8300,10,11
8301,0,0
8310,2,2
8311,-11,-11
8320,1,1
8321,-11,1
8330,1,1
8331,10,10
8340,1,-333
8341,1,1
8350,-999,11
8351,-999,-11
8360,0,0
8361,0,10
8370,1,1
8371,1,10
8380,0,1
8381,-11,-11
8390,-11,-11
8391,-13,-13
8400,0,0
8401,1,2
8410,0,0
8411,0,0
8420,-11,-11
8421,2,2
8430,-13,-13
8431,-13,-13
8440,1,1
8441,0,0
8450,0,0
8451,0,-13
8460,10,11
8461,-13,-13
8470,1,1
8471,-11,-11
8480,-13,-13
8481,-13,-13
8490,1,1
8491,1,1
8500,-13,-13
8501,2,2
8510,-11,-11
8511,2,2
8520,1,1
8521,1,1
8530,1,1
8531,0,0
8540,10,10
8541,10,10
8550,11,11
8551,2,2
8560,0,11
8561,1,1
8570,1,1
8571,1,1
8580,11,11
8581,-11,-11
8590,-13,-13
8591,-11,-11
8600,-11,-11
8601,-13,-13
8610,0,0
8611,-13,-13
8620,-11,-11
8621,0,10
8630,1,1
8631,1,1
8640,1,1
8641,-13,-13
8650,-13,10
8651,0,0
8660,-11,-11
8661,-11,-11
8670,11,10
8671,1,1
8680,11,11
8681,-11,-11
8690,1,1
8691,0,0
8700,1,1
8701,10,10
8710,1,1
8711,1,1
8720,-13,-13
8721,1,1
8730,-13,-13
8731,1,1
8740,0,0
8741,11,10
8750,10,10
8751,2,1
8760,1,1
8761,1,1
8770,-13,-13
8771,-11,-11
8780,-11,-11
8781,0,0
8790,-11,-11
8791,1,11
8800,10,1
8801,1,1
8810,10,10
8811,2,1
8820,-11,-11
8821,1,1
8830,10,10
8831,2,2
8840,10,10
8841,-13,-13
8850,10,10
8851,-13,-11
8860,10,10
8861,-11,-11
8870,1,2
8871,-11,-11
8880,-13,-13
8881,0,0
8890,0,0
8891,0,1
8900,-13,-13
8901,-11,-11
8910,1,1
8911,-11,-11
8920,1,1
8921,-11,-11
8930,2,1
8931,11,11
8940,-13,-13
8941,1,2
8950,-13,-13
8951,2,1
8960,1,1
8961,1,1
8970,1,10
8971,-13,-13
8980,-13,-13
8981,0,0
8990,10,10
8991,-13,-13
9000,10,10
9001,-13,-13
9010,10,11
9011,11,11
9020,1,1
9021,0,10
9030,-11,-11
9031,1,1
9040,1,1
9041,1,2
9050,1,1
9051,-11,-11
9060,1,1
9061,10,1
9070,1,-11
9071,1,1
9080,1,0
9081,1,1
9090,1,1
9091,-13,-13
9100,-13,-13
9101,-13,-13
9110,-13,-13
9111,1,2
9120,-11,-11
9121,1,1
9130,0,1
9131,10,10
9140,2,2
9141,1,2
9150,-11,-11
9151,-11,-11
9160,-13,1
9161,-13,-13
9170,1,1
9171,-13,-13
9180,-11,-11
9181,-11,-11
9190,-13,-11
9191,1,1
9200,-13,-13
9201,-13,-13
9210,0,0
9211,-11,-11
9220,-11,-11
9221,10,10
9230,2,2
9231,-13,-11
9240,-11,-11
9241,-11,-11
9250,-11,-11
9251,0,0
9260,0,10
9261,1,1
9270,-13,-13
9271,2,2
9280,10,10
9281,-13,-13
9290,2,1
9291,4,2
9300,-11,-11
9301,-11,1
9310,10,10
9311,1,1
9320,10,10
9321,1,1
9330,-11,-11
9331,1,1
9340,-11,-11
9341,0,1
9350,-13,-13
9351,-13,-13
9360,1,1
9361,0,0
9370,0,1
9371,10,1
9380,10,1
9381,-11,10
9390,-11,-11
9391,10,10
9400,1,1
9401,2,1
9410,-11,-11
9411,-13,-13
9420,-13,-13
9421,1,0
9430,-13,-13
9431,1,1
9440,2,2
9441,-11,-11
9450,-11,-11
9451,1,1
9460,0,0
9461,10,10
9470,3,11
9471,-11,-11
9480,-13,-13
9481,-13,-13
9490,0,1
9491,-11,-11
9500,1,1
9501,0,0
9510,-13,-13
9511,11,11
9520,10,10
9521,0,2
9530,-13,-13
9531,0,0
9540,10,10
9541,-13,-13
9550,-13,-13
9551,-13,-13
9560,2,2
9561,1,0
9570,0,0
9571,1,1
9580,-13,-13
9581,-11,-11
9590,11,11
9591,1,1
9600,11,11
9601,1,1
9610,-13,-13
9611,1,1
9620,-11,-11
9621,1,1
9630,10,10
9631,-11,-11
9640,1,1
9641,1,1
9650,0,0
9651,-13,-13
9660,2,1
9661,-13,-13
9670,-11,-11
9671,2,2
9680,1,1
9681,10,10
9690,0,1
9691,1,10
9700,-11,-11
9701,0,0
9710,10,10
9711,1,1
9720,10,10
9721,-11,-11
9730,1,1
9731,0,0
9740,1,1
9741,-11,-11
9750,-11,-11
9751,-13,-13
9760,10,10
9761,10,10
9770,-11,-11
9771,-11,-11
9780,-13,-13
9781,-11,-11
9790,0,0
9791,-13,-13
9800,2,2
9801,-11,-11
9810,1,0
9811,1,1
9820,0,0
9821,10,10
9830,2,11
9831,1,11
9840,1,1
9841,-13,-13
9850,-11,1
9851,-13,-13
9860,-13,-13
9861,2,2
9870,2,1
9871,11,11
9880,-11,-11
9881,10,10
9890,0,0
9891,0,0
9900,-13,0
9901,0,0
9910,1,2
9911,11,11
9920,-11,-11
9921,2,2
9930,-11,-11
9931,-11,-11
9940,0,0
9941,-13,-13
9950,1,1
9951,-13,-13
9960,-13,-13
9961,2,2
9970,10,10
9971,11,11
9980,-11,-11
9981,-11,-11
9990,1,10
9991,-11,-11
10000,-13,-13
10001,1,1
10010,0,0
10011,0,0
10020,3,2
10021,-11,-11
10030,1,1
10031,-13,-13
10040,2,2
10041,1,1
10050,2,1
10051,-13,1
10060,1,1
10061,11,11
10070,0,0
10071,-11,-11
10080,10,11
10081,11,11
10090,-11,-11
10091,10,11
10100,2,1
10101,1,1
10110,-13,-13
10111,11,1
10120,-13,0
10121,11,11
10130,-11,-11
10131,-13,-13
10140,-13,-13
10141,-13,-13
10150,-11,-11
10151,-11,-11
10160,1,1
10161,0,0
10170,2,2
10171,-13,-13
10180,10,10
10181,1,1
10190,-13,-13
10191,2,2
10200,1,1
10201,1,1
10210,0,0
10211,-13,-13
10220,-11,-333
10221,2,2
10230,1,2
10231,1,1
10240,10,10
10241,1,1
10250,10,-222
10251,1,1
10260,0,10
10261,1,1
10270,1,1
10271,1,1
10280,-11,-11
10281,-13,-13
10290,-13,-13
10291,-11,-11
10300,0,0
10301,10,11
10310,-11,-11
10311,2,2
10320,0,0
10321,-11,-11
10330,-13,-13
10331,1,10
10340,1,-333
10341,1,-333
10350,1,1
10351,10,11
10360,10,10
10361,-11,-11
10370,1,1
10371,-11,-11
10380,2,2
10381,-11,-11
10390,-11,-11
10391,-13,-13
10400,-13,-13
10401,-13,-13
10410,-13,-13
10411,1,1
10420,1,1
10421,-11,-11
10430,10,10
10431,1,10
10440,-13,1
10441,3,2
10450,1,1
10451,-13,-13
10460,2,1
10461,2,1
10470,10,10
10471,2,11
10480,1,2
10481,12,11
10490,2,2
10491,-13,-13
10500,10,10
10501,1,1
10510,11,11
10511,1,0
10520,1,1
10521,-11,-11
10530,11,11
10531,-13,-13
10540,3,1
10541,1,1
10550,-11,-11
10551,-13,-13
10560,1,1
10561,-11,-11
10570,1,1
10571,1,1
10580,-13,-13
10581,1,1
10590,-13,-11
10591,11,11
10600,2,1
10601,1,1
10610,-11,-11
10611,-13,-13
10620,1,1
10621,-13,-13
10630,1,1
10631,0,0
10640,-11,-11
10641,1,1
10650,-13,-13
10651,-13,-13
10660,1,1
10661,1,2
10670,1,1
10671,1,1
10680,1,11
10681,-13,-13
10690,11,11
10691,1,1
10700,10,10
10701,10,10
10710,2,2
10711,1,1
10720,-13,1
10721,0,-333
10730,12,11
10731,10,10
10740,1,1
10741,11,11
10750,2,1
10751,1,1
10760,10,10
10761,-11,-11
10770,-11,-11
10771,10,10
10780,-11,-11
10781,10,10
10790,1,1
10791,1,1
10800,1,2
10801,-13,-13
10810,-11,-11
10811,-11,-11
10820,-13,-13
10821,-13,-13
10830,1,1
10831,-11,-11
10840,1,1
10841,-13,-13
10850,10,11
10851,1,-333
10860,-11,-11
10861,0,0
10870,2,1
10871,-13,-13
10880,0,1
10881,-13,-13
10890,2,2
10891,2,2
10900,-11,-11
10901,10,10
10910,1,1
10911,11,11
10920,0,0
10921,0,0
10930,1,1
10931,1,11
10940,1,1
10941,10,10
10950,1,10
10951,0,0
10960,-13,-13
10961,12,11
10970,-13,-13
10971,10,10
10980,1,1
10981,10,10
10990,1,1
10991,10,10
11000,-13,-13
11001,0,0
11010,-13,-13
11011,-11,-11
11020,-11,-11
11021,-11,-11
11030,0,0
11031,0,-11
11040,2,2
11041,10,10
11050,1,1
11051,-11,-11
11060,-11,-11
11061,-11,-11
11070,-11,-11
11071,2,2
11080,1,1
11081,10,10
11090,10,11
11091,1,2
11100,0,0
11101,0,0
11110,2,11
11111,-13,-13
11120,-13,-13
11121,1,0
11130,-13,-13
11131,0,11
11140,-11,-11
11141,-13,-13
11150,1,1
11151,-11,-11
11160,1,1
11161,1,1
11170,1,1
11171,1,1
11180,12,11
11181,11,10
11190,1,1
11191,-11,-11
11200,11,11
11201,10,10
11210,1,1
11211,0,0
11220,0,0
11221,1,11
11230,1,1
11231,1,1
11240,1,1
11241,2,1
11250,-13,-13
11251,1,11
11260,-13,-13
11261,1,1
11270,1,1
11271,2,2
11280,-11,-11
11281,1,1
11290,1,1
11291,-13,-13
11300,-11,-11
11301,-13,-13
11310,10,10
11311,-11,-11
11320,-11,-11
11321,1,1
11330,1,1
11331,1,1
11340,-11,1
11341,1,1
11350,1,1
11351,0,1
11360,11,10
11361,12,11
11370,10,11
11371,2,2
11380,1,1
11381,0,0
11390,10,10
11391,-13,-13
11400,-11,-11
11401,-13,-13
11410,-11,-11
11411,-13,-13
11420,-11,-11
11421,0,0
11430,2,1
11431,2,2
11440,-11,1
11441,-13,-13
11450,-11,-11
11451,2,2
11460,-11,-11
11461,2,11
11470,-13,-13
11471,1,1
11480,0,0
11481,1,1
11490,-13,-13
11491,1,1
11500,10,10
11501,-13,-13
11510,1,1
11511,1,1
11520,11,10
11521,3,2
11530,-11,-11
11531,1,1
11540,-13,-333
11541,0,0
11550,-11,-11
11551,-13,1
11560,2,2
11561,-13,-13
11570,11,11
11571,-11,-333
11580,1,1
11581,10,10
11590,1,1
11591,-13,-13
11600,-11,-11
11601,1,1
11610,11,10
11611,-11,-11
11620,0,0
11621,1,1
11630,-11,-11
11631,1,1
11640,1,1
11641,1,1
11650,0,0
11651,0,1
11660,-13,-13
11661,1,1
11670,-11,-11
11671,1,1
11680,11,1
11681,-13,-333
11690,-11,-11
11691,2,1
11700,10,11
11701,-13,-13
11710,2,2
11711,1,1
11720,1,1
11721,1,1
11730,0,0
11731,1,1
11740,1,1
11741,0,0
11750,-13,-13
11751,-11,-11
11760,-13,-13
11761,1,1
11770,-13,-13
11771,1,1
11780,1,1
11781,-11,-11
11790,1,1
11791,1,1
11800,-13,-13
11801,-11,-11
11810,10,10
11811,1,1
11820,-11,-11
11821,-13,-13
11830,-13,-13
11831,10,10
11840,1,1
11841,10,10
11850,-11,-11
11851,11,11
11860,0,0
11861,10,10
11870,1,1
11871,11,11
11880,0,0
11881,0,-11
11890,10,10
11891,1,1
11900,1,1
11901,10,10
11910,1,1
11911,0,1
11920,0,0
11921,10,10
11930,-11,1
11931,0,0
11940,10,11
11941,10,10
11950,1,1
11951,1,1
11960,11,10
11961,1,1
11970,1,1
11971,-13,-13
11980,1,1
11981,0,0
11990,1,1
11991,-11,-11
12000,11,11
12001,0,0
12010,1,1
12011,1,1
12020,-13,-13
12021,1,1
12030,10,10
12031,10,10
12040,1,1
12041,-13,-13
12050,0,11
12051,10,10
12060,0,0
12061,11,11
12070,0,0
12071,-13,-13
12080,-11,-11
12081,2,2
12090,1,1
12091,-11,-11
12100,2,1
12101,12,11
12110,11,11
12111,1,1
12120,1,1
12121,10,10
12130,2,2
12131,2,11
12140,-11,-11
12141,-11,-11
12150,2,11
12151,1,1
12160,10,10
12161,1,1
12170,-11,-11
12171,2,1
12180,1,1
12181,-11,-11
12190,1,1
12191,1,2
12200,3,2
12201,-11,-11
12210,-11,-11
12211,-13,-13
12220,1,1
12221,0,0
12230,-13,-13
12231,1,1
12240,-11,-11
12241,-11,-11
12250,11,11
12251,1,1
12260,-11,-11
12261,-11,-11
12270,10,11
12271,-11,1
12280,-13,-333
12281,2,2
12290,-13,-13
12291,1,1
12300,1,10
12301,0,0
12310,-13,-13
12311,1,1
12320,10,10
12321,-13,-13
12330,-13,-13
12331,-13,-13
12340,0,0
12341,-13,-13
12350,1,1
12351,2,2
12360,1,1
12361,0,0
12370,10,10
12371,10,10
12380,1,1
12381,1,1
12390,1,1
12391,-13,-13
12400,-11,-13
12401,-11,-11
12410,1,1
12411,1,1
12420,1,1
12421,2,11
12430,10,11
12431,10,10
12440,-11,-11
12441,0,0
12450,0,1
12451,1,-11
12460,0,0
12461,-13,-13
12470,1,1
12471,4,2
12480,-11,-11
12481,-13,-13
12490,0,0
12491,0,10
12500,1,10
12501,1,1
12510,2,11
12511,-13,-13
12520,0,0
12521,0,0
12530,-11,-11
12531,-13,-13
12540,-13,-13
12541,-13,-13
12550,-11,-11
12551,1,10
12560,1,1
12561,-11,-11
12570,-11,-11
12571,2,1
12580,1,1
12581,-11,-11
12590,-11,-333
12591,3,1
12600,-11,-11
12601,11,11
12610,10,10
12611,1,1
12620,1,1
12621,-11,1
12630,1,1
12631,1,1
12640,1,1
12641,10,10
12650,10,10
12651,2,2
12660,10,10
12661,-13,-13
12670,10,11
12671,-11,-11
12680,-11,-11
12681,-13,-13
12690,-13,-13
12691,1,1
12700,2,1
12701,2,1
12710,0,0
12711,0,0
12720,2,1
12721,10,10
12730,10,11
12731,-13,-13
12740,-11,-11
12741,-11,-11
12750,1,1
12751,1,1
12760,10,11
12761,11,10
12770,2,2
12771,2,11
12780,2,1
12781,-13,-13
12790,2,1
12791,2,1
12800,0,2
12801,1,-11
12810,1,1
12811,2,2
12820,2,11
12821,11,11
12830,0,0
12831,-13,-13
12840,10,10
12841,1,1
12850,0,10
12851,0,0
12860,0,1
12861,0,0
12870,0,0
12871,-11,-13
12880,-11,-11
12881,11,10
12890,1,1
12891,11,11
12900,1,2
12901,3,2
12910,11,11
12911,-11,-11
12920,10,10
12921,-11,-11
12930,1,1
12931,2,2
12940,-11,-11
12941,0,0
12950,-11,-11
12951,1,1
12960,-11,-11
12961,1,1
12970,1,1
12971,0,10
12980,1,1
12981,10,10
12990,0,0
12991,1,1
13000,1,1
13001,-11,-11
13010,0,0
13011,1,0
13020,1,1
13021,1,1
13030,1,1
13031,1,1
13040,1,1
13041,-11,-11
13050,1,1
13051,-11,-11
13060,-11,-11
13061,10,11
13070,-13,-13
13071,-11,-11
13080,1,0
13081,11,11
13090,11,11
13091,10,10
13100,-13,-13
13101,-13,-11
13110,10,2
13111,11,11
13120,-11,-11
13121,1,1
13130,1,-11
13131,10,10
13140,1,1
13141,10,10
13150,10,11
13151,0,0
13160,1,2
13161,-13,-13
13170,0,1
13171,0,0
13180,1,-11
13181,-13,0
13190,1,1
13191,-11,-11
13200,1,1
13201,1,1
13210,-13,-13
13211,1,1
13220,10,10
13221,1,1
13230,0,0
13231,1,2
13240,10,11
13241,1,11
13250,0,1
13251,2,2
13260,-13,-13
13261,-11,-11
13270,-11,-11
13271,11,11
13280,-11,-11
13281,1,1
13290,10,10
13291,-13,-13
13300,2,1
13301,11,11
13310,-11,-11
13311,-11,-11
13320,1,1
13321,-13,-13
13330,1,1
13331,0,0
13340,-11,-11
13341,2,1
13350,0,-11
13351,11,10
13360,1,1
13361,-13,-13
13370,10,10
13371,-13,-13
13380,2,2
13381,-13,-13
13390,0,0
13391,1,1
13400,2,2
13401,1,1
13410,-11,-11
13411,0,0
13420,1,1
13421,-13,-13
13430,-13,-13
13431,1,1
13440,2,1
13441,-11,-11
13450,12,10
13451,-13,-13
13460,1,1
13461,10,10
13470,1,1
13471,10,10
13480,3,2
13481,-13,-13
13490,2,2
13491,0,-13
13500,1,1
13501,1,1
13510,10,10
13511,0,-13
13520,0,0
13521,-13,-13
13530,11,11
13531,-11,-11
13540,1,1
13541,-13,-13
13550,1,-222
13551,-1,10
13560,1,1
13561,11,10
13570,-11,1
13571,11,11
13580,1,1
13581,11,11
13590,-13,1
13591,-13,-13
13600,1,1
13601,-13,-13
13610,-13,-13
13611,-11,-11
13620,10,10
13621,0,0
13630,-13,-13
13631,-11,-11
13640,-11,-11
13641,11,10
13650,0,1
13651,-13,-13
13660,-11,1
13661,-11,-11
13670,-11,-11
13671,0,0
13680,-13,-13
13681,0,0
13690,1,1
13691,-13,-13
13700,1,1
13701,-13,-13
13710,1,1
13711,1,1
13720,-13,-13
13721,0,0
13730,0,1
13731,0,0
13740,1,1
13741,-11,-11
13750,-11,-11
13751,-11,-11
13760,1,1
13761,1,1
13770,10,11
13771,1,1
13780,-11,-11
13781,10,10
13790,0,0
13791,3,2
13800,1,1
13801,1,1
13810,-11,-11
13811,-13,-13
13820,1,1
13821,1,1
13830,1,1
13831,2,1
13840,1,0
13841,-11,-11
13850,-11,-11
13851,-13,-13
13860,1,2
13861,1,1
13870,0,0
13871,11,11
13880,1,1
13881,1,1
13890,10,10
13891,1,1
13900,-13,-13
13901,-11,-11
13910,10,11
13911,-13,-13
13920,2,1
13921,-11,-11
13930,2,2
13931,0,0
13940,11,10
13941,-11,-11
13950,0,0
13951,1,1
13960,-11,1
13961,2,1
13970,1,1
13971,-11,-11
13980,0,1
13981,1,1
13990,10,10
13991,-11,-11
14000,-13,-13
14001,-13,-13
14010,-13,-13
14011,1,1
14020,-11,-11
14021,10,2
14030,0,0
14031,-11,-11
14040,1,1
14041,1,1
14050,0,0
14051,1,1
14060,12,11
14061,10,10
14070,1,2
14071,-11,-11
14080,2,1
14081,10,10
14090,-11,0
14091,1,1
14100,-13,-13
14101,11,11
14110,-13,0
14111,10,11
14120,10,10
14121,-11,-11
14130,11,10
14131,11,11
14140,1,1
14141,0,0
14150,1,1
14151,1,1
14160,1,1
14161,0,0
14170,-11,-11
14171,1,1
14180,0,0
14181,2,1
14190,2,1
14191,0,0
14200,10,10
14201,1,1
14210,0,10
14211,-11,1
14220,0,0
14221,2,1
14230,-11,-11
14231,-13,-13
14240,-11,-11
14241,2,1
14250,10,10
14251,10,10
14260,1,2
14261,1,1
14270,-13,-13
14271,2,2
14280,2,1
14281,-11,-11
14290,1,1
14291,0,0
14300,1,1
14301,0,0
14310,-11,-11
14311,0,2
14320,1,1
14321,-11,-11
14330,-11,-11
14331,0,0
14340,10,10
14341,2,2
14350,1,1
14351,-11,-11
14360,1,1
14361,0,0
14370,0,0
14371,10,10
14380,10,10
14381,-11,-11
14390,1,1
14391,-11,-11
14400,-11,-11
14401,1,1
14410,2,1
14411,1,1
14420,10,11
14421,-11,-11
14430,-13,-13
14431,-11,-11
14440,1,1
14441,-11,-11
14450,-11,-11
14451,-13,-13
14460,-11,-11
14461,10,10
14470,-13,-13
14471,-11,-13
14480,-11,-11
14481,-13,1
14490,0,0
14491,-11,-11
14500,-11,-11
14501,1,1
14510,2,2
14511,-13,-13
14520,0,1
14521,-13,-13
14530,1,1
14531,2,1
14540,0,-11
14541,-13,-13
14550,11,10
14551,1,1
14560,-13,-13
14561,3,2
14570,1,1
14571,1,1
14580,0,0
14581,-13,-13
14590,11,11
14591,1,1
14600,2,1
14601,-11,-11
14610,-13,-13
14611,-13,-13
14620,1,2
14621,-11,-11
14630,1,1
14631,1,2
14640,1,1
14641,-11,-11
14650,-13,-13
14651,0,0
14660,1,1
14661,-13,-13
14670,10,10
14671,1,-11
14680,1,1
14681,-13,-13
14690,2,1
14691,0,0
14700,11,10
14701,-13,-13
14710,0,0
14711,0,0
14720,-13,-13
14721,10,10
14730,-11,2
14731,0,11
14740,-13,-333
14741,1,1
14750,0,-11
14751,1,1
14760,2,2
14761,1,1
14770,-13,-13
14771,11,10
14780,-13,-11
14781,10,10
14790,1,0
14791,1,1
14800,1,1
14801,-11,-11
14810,10,1
14811,-11,-333
14820,-13,-13
14821,-11,-11
14830,10,10
14831,1,1
14840,10,10
14841,11,11
14850,-11,-11
14851,-13,-13
14860,2,2
14861,1,0
14870,-13,-13
14871,1,1
14880,-13,-13
14881,1,1
14890,-13,-13
14891,1,1
14900,-11,-11
14901,1,1
14910,1,1
14911,11,11
14920,-11,1
14921,10,10
14930,10,10
14931,-11,-11
14940,1,1
14941,-13,-13
14950,-11,-11
14951,1,1
14960,-11,-11
14961,-13,-13
14970,0,-11
14971,10,10
14980,10,10
14981,-11,-11
14990,0,0
14991,1,1
15000,10,10
15001,1,1
15010,1,1
15011,-13,-13
15020,10,10
15021,10,10
15030,1,1
15031,-13,-222
15040,1,1
15041,0,0
15050,1,1
15051,1,1
15060,-11,-11
15061,2,1
15070,1,1
15071,0,0
15080,2,1
15081,1,1
15090,-13,-13
15091,10,10
15100,-13,-13
15101,-11,-11
15110,10,10
15111,-13,-13
15120,1,1
15121,1,1
15130,1,1
15131,1,1
15140,-11,-11
15141,1,1
15150,1,1
15151,1,1
15160,-13,-13
15161,11,11
15170,10,11
15171,10,10
15180,1,1
15181,1,1
15190,1,1
15191,-11,-11
15200,10,11
15201,10,10
15210,-13,-13
15211,2,2
15220,0,0
15221,1,0
15230,1,1
15231,1,1
15240,-11,-11
15241,-13,-13
15250,-11,-11
15251,-11,-11
15260,-11,-11
15261,-13,-13
15270,-13,-13
15271,1,1
15280,1,1
15281,-13,-13
15290,10,10
15291,1,1
15300,3,2
15301,10,10
15310,-11,-11
15311,1,1
15320,-13,-13
15321,1,1
15330,1,1
15331,10,0
15340,-13,-13
15341,1,1
15350,-13,-13
15351,-11,-11
15360,1,1
15361,1,1
15370,-13,-13
15371,-13,-13
15380,10,10
15381,1,1
15390,-11,-11
15391,10,11
15400,0,0
15401,0,0
15410,-13,-13
15411,11,11
15420,1,2
15421,2,1
15430,-11,-11
15431,2,2
15440,1,1
15441,0,-222
15450,-11,-11
15451,11,11
15460,-13,-13
15461,1,1
15470,1,1
15471,-13,-13
15480,1,1
15481,-11,-11
15490,1,1
15491,2,2
15500,-11,-11
15501,1,1
15510,10,10
15511,0,0
15520,1,1
15521,-11,-11
15530,-11,-11
15531,10,11
15540,1,1
15541,1,1
15550,2,1
15551,-11,-11
15560,1,1
15561,-13,-13
15570,0,0
15571,-11,-11
15580,10,10
15581,10,10
15590,0,0
15591,0,0
15600,1,1
15601,10,10
15610,0,10
15611,10,10
15620,-13,-13
15621,-11,-11
15630,2,1
15631,-11,-11
15640,-13,-13
15641,-13,-13
15650,11,11
15651,1,1
15660,1,1
15661,10,11
15670,-11,2
15671,1,1
15680,1,2
15681,-13,-13
15690,1,2
15691,10,10
15700,1,1
15701,-11,-11
15710,-13,-13
15711,-11,-11
15720,10,10
15721,10,10
15730,-13,-13
15731,1,1
15740,3,11
15741,1,0
15750,-11,-11
15751,-11,-11
15760,-11,-11
15761,10,10
15770,10,11
15771,1,1
15780,2,1
15781,0,10
15790,0,0
15791,0,0
15800,1,-11
15801,1,1
15810,1,1
15811,2,2
15820,1,1
15821,2,1
15830,0,0
15831,-11,1
15840,-13,1
15841,-11,-11
15850,-13,-13
15851,-13,-13
15860,-13,-333
15861,-11,-11
15870,1,1
15871,-13,-13
15880,10,10
15881,-13,1
15890,2,10
15891,1,10
15900,11,11
15901,-11,-11
15910,10,10
15911,1,2
15920,1,-11
15921,-13,-13
15930,1,11
15931,-11,-11
15940,1,1
15941,10,10
15950,-13,-13
15951,-11,-11
15960,0,0
15961,-13,-13
15970,-13,-13
15971,10,10
15980,0,0
15981,-11,-11
15990,-11,-11
15991,-13,-13
16000,-13,-13
16001,-13,-13
16010,1,1
16011,-13,-13
16020,10,10
16021,-13,-13
16030,1,1
16031,0,0
16040,-13,-333
16041,10,10
16050,1,10
16051,-13,-13
16060,-13,-13
16061,-11,-11
16070,1,1
16071,-11,1
16080,2,2
16081,0,0
16090,10,10
16091,-11,1
16100,11,11
16101,-11,1
16110,-11,-11
16111,0,0
16120,-11,-11
16121,-13,-13
16130,-13,-13
16131,1,1
16140,10,11
16141,2,2
16150,-13,-13
16151,11,11
16160,-13,-13
16161,1,1
16170,10,11
16171,-13,-13
16180,-11,-11
16181,2,2
16190,0,0
16191,0,2
16200,1,1
16201,-11,-11
16210,1,1
16211,11,11
16220,-13,-13
16221,0,0
16230,1,1
16231,1,1
16240,1,1
16241,0,0
16250,-13,-13
16251,-11,-11
16260,3,2
16261,2,2
16270,-11,-11
16271,-13,-13
16280,11,10
16281,0,0
16290,1,1
16291,-13,-13
16300,10,10
16301,10,10
16310,-13,-13
16311,0,0
16320,-13,-13
16321,2,1
16330,10,10
16331,1,1
16340,11,2
16341,0,0
16350,1,1
16351,-11,-11
16360,-11,-11
16361,0,0
16370,1,1
16371,1,1
16380,0,0
16381,2,2
16390,1,-333
16391,-13,-333
16400,-13,0
16401,-13,-13
16410,-13,-13
16411,2,2
16420,1,11
16421,4,11
16430,-13,-13
16431,-13,-13
16440,3,2
16441,10,10
16450,10,10
16451,1,1
16460,0,0
16461,1,1
16470,11,11
16471,1,1
16480,2,1
16481,-11,-11
16490,1,1
16491,10,10
16500,-13,-13
16501,-13,-13
16510,-13,-13
16511,0,0
16520,0,0
16521,0,0
16530,0,0
16531,-13,-13
16540,1,1
16541,1,1
16550,1,1
16551,10,10
16560,10,10
16561,1,1
16570,2,2
16571,10,10
16580,1,1
16581,-11,-11
16590,-11,-333
16591,-11,-11
16600,-11,-11
16601,0,0
16610,-11,-11
16611,-13,-13
16620,0,-13
16621,-11,-11
16630,0,0
16631,0,0
16640,-13,-13
16641,0,0
16650,11,11
16651,0,0
16660,-13,-13
16661,-13,-13
16670,3,2
16671,1,1
16680,-11,-11
16681,10,11
16690,-11,-11
16691,0,0
16700,1,2
16701,0,0
16710,1,1
16711,-11,-11
16720,-11,-11
16721,0,0
16730,2,11
16731,0,1
16740,-13,-13
16741,10,10
16750,-11,-11
16751,0,11
16760,10,10
16761,-13,-13
16770,-13,-13
16771,0,0
16780,10,11
16781,1,1
16790,-11,-11
16791,2,1
16800,1,1
16801,-13,-13
16810,-11,-11
16811,-13,-13
16820,-13,-13
16821,1,2
16830,-11,-11
16831,0,0
16840,1,1
16841,0,1
16850,-13,-13
16851,11,11
16860,-13,-13
16861,-13,-13
16870,10,10
16871,-11,-11
16880,2,1
16881,0,0
16890,1,1
16891,1,1
16900,-13,-13
16901,2,2
16910,1,1
16911,-11,-11
16920,-13,0
16921,2,1
16930,10,10
16931,11,10
16940,-13,-13
16941,-13,0
16950,2,1
16951,0,0
16960,10,11
16961,1,1
16970,-11,1
16971,11,11
16980,10,10
16981,1,2
16990,1,1
16991,2,2
17000,0,10
17001,2,1
17010,10,10
17011,1,1
17020,10,10
17021,-11,-11
17030,-13,-13
17031,1,1
17040,-11,-13
17041,10,10
17050,10,1
17051,1,1
17060,-13,-13
17061,1,0
17070,10,10
17071,10,11
17080,-13,-13
17081,1,1
17090,-11,-11
17091,10,11
17100,10,11
17101,1,2
17110,1,1
17111,-11,-11
17120,1,1
17121,10,10
17130,-11,-11
17131,11,11
17140,0,0
17141,-11,-11
17150,11,10
17151,-13,-13
17160,-13,-13
17161,-13,-13
17170,-11,-11
17171,1,1
17180,-13,-13
17181,1,1
17190,-13,-999
17191,-13,-999
17200,0,0
17201,0,0
17210,10,11
17211,2,11
17220,0,1
17221,10,1
17230,1,1
17231,-13,-13
17240,-11,-11
17241,-13,-13
17250,11,11
17251,1,1
17260,1,1
17261,-11,-11
17270,1,1
17271,-13,-13
17280,10,10
17281,1,1
17290,-11,-11
17291,1,1
17300,-13,-13
17301,-11,-11
17310,0,0
17311,-11,-11
17320,-13,1
17321,0,0
17330,1,1
17331,-13,-13
17340,-11,-11
17341,-11,-11
17350,0,0
17351,-13,-13
17360,1,11
17361,1,1
17370,-13,-13
17371,2,2
17380,-11,-11
17381,10,10
17390,-13,-13
17391,0,0
17400,1,1
17401,1,2
17410,-13,-13
17411,-11,-11
17420,-13,-13
17421,1,-11
17430,-13,-13
17431,1,1
17440,1,1
17441,10,10
17450,1,1
17451,0,1
17460,2,2
17461,-13,-13
17470,-11,-11
17471,11,11
17480,10,10
17481,2,2
17490,1,1
17491,0,0
17500,10,10
17501,-11,-11
17510,1,1
17511,10,1
17520,1,1
17521,2,2
17530,-13,-13
17531,-11,-11
17540,0,0
17541,-11,-11
17550,1,1
17551,-11,-11
17560,-11,-11
17561,2,2
17570,-11,-11
17571,0,0
17580,-11,-11
17581,0,0
17590,-11,-11
17591,-11,-11
17600,-11,-11
17601,1,1
17610,10,10
17611,-11,-11
17620,-13,-13
17621,2,2
17630,1,1
17631,10,11
17640,11,11
17641,-11,-11
17650,-13,-13
17651,0,1
17660,-13,-13
17661,10,10
17670,10,10
17671,-13,-13
17680,2,11
17681,-11,-11
17690,-11,-11
17691,1,1
17700,-13,-13
17701,-13,-13
17710,-13,-13
17711,10,10
17720,1,1
17721,-13,-13
17730,-13,-13
17731,2,1
17740,1,1
17741,-11,-11
17750,-13,-13
17751,-13,-13
17760,1,-333
17761,-11,-11
17770,1,1
17771,-11,-11
17780,-13,-13
17781,0,0
17790,0,0
17791,11,11
17800,10,10
17801,-13,-13
17810,-13,-13
17811,0,0
17820,1,1
17821,11,11
17830,-11,-11
17831,1,1
17840,11,11
17841,1,1
17850,1,1
17851,-13,-13
17860,-11,1
17861,-11,-11
17870,1,1
17871,1,1
17880,-11,-11
17881,1,1
17890,11,10
17891,11,11
17900,1,1
17901,-13,-13
17910,12,11
17911,-13,-13
17920,1,1
17921,0,0
17930,0,1
17931,2,1
17940,1,1
17941,-11,-11
17950,-13,-13
17951,-13,-13
17960,3,2
17961,0,0
17970,0,10
17971,1,-333
17980,1,-11
17981,1,1
17990,0,0
17991,1,1
18000,-11,-11
18001,10,10
18010,10,10
18011,-11,-11
18020,-13,-13
18021,2,2
18030,0,11
18031,1,1
18040,-13,-13
18041,10,10
18050,1,1
18051,0,0
18060,0,0
18061,2,1
18070,-13,-13
18071,10,10
18080,1,0
18081,-13,-13
18090,10,-333
18091,1,2
18100,1,1
18101,-11,-11
18110,-13,-13
18111,-11,-13
18120,1,1
18121,0,0
18130,1,1
18131,10,10
18140,0,0
18141,-11,-11
18150,0,0
18151,-13,-13
18160,1,1
18161,-11,-11
18170,1,1
18171,1,1
18180,-11,-11
18181,-11,-11
18190,11,10
18191,10,10
18200,1,1
18201,1,1
18210,11,11
18211,-11,-11
18220,-13,-13
18221,0,0
18230,-13,-13
18231,3,2
18240,-11,-11
18241,1,2
18250,-13,-13
18251,-13,-13
18260,11,11
18261,1,1
18270,2,1
18271,-13,-13
18280,0,0
18281,10,10
18290,1,1
18291,-11,-11
18300,0,0
18301,10,10
18310,2,1
18311,2,1
18320,1,0
18321,11,11
18330,0,0
18331,1,1
18340,-11,-11
18341,1,1
18350,-11,-11
18351,-11,-11
18360,1,1
18361,1,1
18370,0,-13
18371,0,0
18380,3,11
18381,-11,-11
18390,-11,-11
18391,-11,-11
18400,-13,-13
18401,1,1
18410,-13,-13
18411,-13,-13
18420,-11,-11
18421,0,0
18430,3,2
18431,10,10
18440,-11,-11
18441,-13,-13
18450,2,2
18451,2,2
18460,1,1
18461,2,10
18470,0,0
18471,-11,-11
18480,-11,-11
18481,10,10
18490,12,11
18491,-11,-11
18500,0,0
18501,-13,-13
18510,-11,-11
18511,-13,-13
18520,2,2
18521,-13,-13
18530,3,2
18531,-13,-13
18540,3,2
18541,-13,-13
18550,2,11
18551,1,1
18560,0,0
18561,1,1
18570,1,10
18571,-11,-11
18580,1,1
18581,1,1
18590,2,1
18591,0,0
18600,10,10
18601,0,0
18610,10,11
18611,0,0
18620,0,0
18621,-13,-13
18630,0,1
18631,-11,-11
18640,3,2
18641,-13,0
18650,-13,0
18651,1,10
18660,-11,-11
18661,-11,-11
18670,2,2
18671,-11,-333
18680,10,10
18681,1,1
18690,1,1
18691,-11,-11
18700,1,1
18701,-11,-11
18710,1,1
18711,-11,-11
18720,1,1
18721,0,0
18730,1,1
18731,1,1
18740,10,10
18741,1,1
18750,0,0
18751,-11,-11
18760,-13,-13
18761,10,10
18770,2,2
18771,-13,-13
18780,1,1
18781,1,1
18790,-13,-13
18791,10,10
18800,0,1
18801,-13,-13
18810,0,0
18811,1,1
18820,10,10
18821,10,10
18830,-11,-11
18831,1,1
18840,1,1
18841,0,0
18850,1,1
18851,11,10
18860,1,1
18861,1,1
18870,0,0
18871,1,1
18880,-11,1
18881,-11,-11
18890,10,10
18891,10,10
18900,-11,-11
18901,-13,0
18910,0,0
18911,10,10
18920,-11,-11
18921,-11,0
18930,0,0
18931,2,1
18940,2,1
18941,10,10
18950,-13,-13
18951,2,2
18960,-13,-13
18961,-13,-13
18970,10,11
18971,1,1
18980,-11,-11
18981,1,1
18990,1,1
18991,3,2
19000,0,0
19001,1,2
19010,10,10
19011,1,1
19020,0,0
19021,-11,-11
19030,-11,-11
19031,-11,-11
19040,1,-333
19041,-13,1
19050,10,11
19051,-11,-11
19060,-13,-333
19061,11,11
19070,0,10
19071,10,11
19080,1,1
19081,10,11
19090,10,10
19091,1,1
19100,12,11
19101,1,1
19110,-11,-11
19111,1,1
19120,2,2
19121,2,2
19130,1,1
19131,10,10
19140,0,0
19141,-11,-11
19150,-11,-11
19151,1,1
19160,-13,-13
19161,1,1
19170,-13,-13
19171,-13,-13
19180,-13,-11
19181,0,1
19190,1,1
19191,1,1
19200,-11,-11
19201,-11,-11
19210,-11,-11
19211,-13,-13
19220,0,0
19221,2,2
19230,-13,-13
19231,-11,-333
19240,11,11
19241,1,1
19250,-13,-13
19251,-11,-11
19260,1,0
19261,10,10
19270,3,2
19271,1,1
19280,0,1
19281,1,1
19290,-13,-13
19291,2,1
19300,2,2
19301,-13,-13
19310,1,1
19311,-13,-13
19320,1,1
19321,11,10
19330,11,11
19331,-13,-13
19340,1,2
19341,-13,-13
19350,1,1
19351,-13,-13
19360,-11,-11
19361,2,1
19370,-13,-11
19371,-11,-11
19380,-11,-11
19381,0,1
19390,-11,-11
19391,-13,-13
19400,1,-11
19401,3,2
19410,0,0
19411,10,10
19420,-13,-13
19421,0,0
19430,-11,-11
19431,-11,-11
19440,1,1
19441,-13,0
19450,1,1
19451,-11,-11
19460,2,2
19461,1,1
19470,2,1
19471,1,1
19480,1,1
19481,1,1
19490,1,1
19491,-11,-11
19500,-11,-11
19501,-13,-13
19510,0,0
19511,1,1
19520,2,2
19521,2,-333
19530,2,2
19531,1,1
19540,-11,0
19541,-13,-13
19550,-13,-13
19551,10,10
19560,1,1
19561,-11,-11
19570,10,10
19571,-13,-13
19580,-11,-11
19581,-11,-11
19590,-13,-13
19591,1,1
19600,2,2
19601,-13,-13
19610,-11,-11
19611,-11,-11
19620,-11,-333
19621,1,1
19630,-13,-13
19631,-11,-11
19640,0,10
19641,1,1
19650,12,11
19651,-11,-11
19660,10,10
19661,0,0
19670,0,0
19671,1,1
19680,0,0
19681,2,1
19690,1,1
19691,1,1
19700,1,1
19701,-11,-11
19710,-13,-13
19711,-11,-11
19720,-13,-13
19721,1,1
19730,-13,-13
19731,1,1
19740,10,11
19741,1,11
19750,-11,-11
19751,10,10
19760,0,0
19761,10,11
19770,1,1
19771,-11,-11
19780,1,1
19781,-11,-11
19790,10,11
19791,10,10
19800,1,1
19801,1,1
19810,0,0
19811,1,1
19820,-11,-11
19821,-13,-13
19830,3,11
19831,1,1
19840,11,11
19841,-11,-11
19850,-11,-11
19851,1,1
19860,0,1
19861,1,0
19870,1,1
19871,10,10
19880,1,1
19881,1,1
19890,1,1
19891,2,2
19900,-13,-13
19901,-11,-11
19910,-11,-11
19911,-11,1
19920,-13,-13
19921,1,1
19930,-11,-11
19931,1,1
19940,0,1
19941,0,0
19950,12,11
19951,-13,-13
19960,0,0
19961,11,11
19970,-13,-13
19971,0,0
19980,1,1
19981,0,0
19990,0,0
19991,1,1
